{
  "accuracy": 0.8028491089056258,
  "precision": 0.5404957284172662,
  "recall": 0.5910571604179471,
  "f1": 0.5646468205037872
}