{
  "accuracy": 0.7968663790524685,
  "precision": 0.5253258369537439,
  "recall": 0.6317148125384142,
  "f1": 0.5736291335286731
}