{
  "accuracy": 0.8039392952344233,
  "precision": 0.5428820813154634,
  "recall": 0.5925322679778734,
  "f1": 0.5666216057364524
}